Review_ID,Review_Text,Rating
1,Excellent build quality. The camera feature is outstanding!,4
2,"Best headphones I've ever owned. Fast, reliable, and great value.",4
3,,3
4,Overpriced garbage. smartphone fails at basic video calls.,2
5,Highly recommend! smartphone exceeded my expectations completely.,4
6,Poor quality control. Multiple defects including screen bleeding.,1
7,Highly recommend! headphones exceeded my expectations completely.,5
8,Overpriced garbage. tablet fails at basic multitasking.,2
9,Average performance. Some good features but also some issues.,3
10,"Best laptop I've ever owned. Fast, reliable, and great value.",5
11,"Best laptop I've ever owned. Fast, reliable, and great value.",4
12,Worst purchase ever! laptop broke after just one week.,2
13,"Best tablet I've ever owned. Fast, reliable, and great value.",4
14,Excellent build quality. The camera feature is outstanding!,5
15,Amazing tablet! Battery lasts all day and performance is incredible.,4
16,,3
17,Highly recommend! headphones exceeded my expectations completely.,5
18,Excellent build quality. The display feature is outstanding!,4
19,Excellent build quality. The camera feature is outstanding!,5
20,Amazing smartphone! Battery lasts all day and performance is incredible.,4
21,Decent smartwatch for teh price. Nothing special but works okay.,3
22,"Best smartphone I've ever owned. Fast, reliable, and great value.",4
23,Highly recommend! laptop exceeded my expectations completely.,5
24,Highly recommend! laptop exceeded my expectations completely.,4
25,Highly recommend! laptop exceeded my expectations completely.,4
26,Amazing laptop! Battery lasts all day and performance is incredible.,5
27,Excellent build quality. The design feature is outstanding!,5
28,"Best tablet I've ever owned. Fast, reliable, and great value.",4
29,,2
30,Amazing tablet! Battery lasts all day and performance is incredible.,5
31,Highly recommend! smartwatch exceeded my expectations completely.,4
32,Terrible smartwatch. Battery dies quickly and constantly crashes.,1
33,Worst purchase ever! smartwatch broke after just one week.,2
34,Terrible smartphone. Battery dies quickly and constantly crashes.,1
35,Excellent build quality. The audio feature is outstanding!,4
36,"Best headphones I've ever owned. Fast, reliable, and great value.",5
37,Excellent build quality. The audio feature is outstanding!,5
38,"Best smartwatch I've ever owned. Fast, reliable, and great value.",5
39,Excellent build quality. The camera feature is outstanding!,4
40,Worst purchase ever! headphones broke after just two days.,1
41,Excellent build quality. The audio feature is outstanding!,5
42,Terrible laptop. Battery dies quickly and constantly crashes.,2
43,,5
44,Excellent build quality. The design feature is outstanding!,5
45,Highly recommend! smartphone exceeded my expectations completely.,5
46,"Best headphones I've ever owned. Fast, reliable, and great value.",5
47,Amazing laptop! Battery lasts all day and performance is incredible.,5
48,Worst purchase ever! laptop broke after just two days.,2
49,Excellent build quality. The connectivity feature is outstanding!,5
50,Highly recommend! smartwatch exceeded my expectations completely.,4
51,,3
52,"Best smartphone I've ever owned. Fast, reliable, and great value.",5
53,,4
54,Amazing tablet! Battery lasts all day and performance is incredible.,5
55,Poor quality control. Multiple defects including screen bleeding.,2
56,Highly recommend! smartphone exceeded my expectations completely.,4
57,Average performance. Some good features but also some issues.,3
58,Highly recommend! headphones exceeded my expectations completely.,4
59,Overpriced garbage. laptop fails at basic gaming.,2
60,Decent laptop for the price. Nothing special but works okay.,3
61,Amazing smartphone! Battery lasts all day and performance is incredible.,4
62,Average performance. Some good features but also some issues.,3
63,Highly recommend! tablet exceeded my expectations completely.,4
64,Amazing laptop! Battery lasts all day and performance is incredible.,4
65,Poor quality control. Multiple defects including screen bleeding.,1
66,Amazing headphones! Battery lasts all day and performance is incredible.,4
67,Highly recommend! headphones exceeded my expectations completely.,5
68,Highly recommend! headphones exceeded my expectations completely.,4
69,Mixed feelings about this headphones. Some pros and cons.,3
70,Highly recommend! laptop exceeded my expectations completely.,4
71,Worst purchase ever! laptop broke after just a month.,2
72,,4
73,,1
74,Average performance. Some good features but also some issues.,3
75,Amazing headphones! Battery lasts all day and performance is incredible.,4
76,Amazing headphones! Battery lasts all day and performance is incredible.,5
77,,3
78,Poor quality control. Multiple defects including screen bleeding.,1
79,Poor quality control. Multiple defects including charging issues.,2
80,Excellent build quality. The design feature is outstanding!,5
81,"Best laptop I've ever owned. Fast, reliable, and great value.",4
82,Amazing laptop! Battery lasts all day and performance is incredible.,4
83,Decent smartwatch for the price. Nothing special but works okay.,3
84,Overpriced garbage. smartphone fails at basic gaming.,2
85,Poor quality control. Multiple defects including charging issues.,2
86,Amazing headphones! Battery lasts all day and performance is incredible.,5
87,Decent smartphone for teh price. Nothing special but works okay.,3
88,,5
89,Terrible tablet. Battery dies quickly and constantly crashes.,2
90,Excellent build quality. The camera feature is outstanding!,5
91,Overpriced garbage. laptop fails at basic multitasking.,2
92,Decent headphones for teh price. Nothing special but works okay.,3
93,Amazing smartphone! Battery lasts all day and performance is incredible.,4
94,Average performance. Some good features but also some issues.,3
95,Highly recommend! smartwatch exceeded my expectations completely.,5
96,Highly recommend! laptop exceeded my expectations completely.,5
97,Excellent build quality. The connectivity feature is outstanding!,4
98,Worst purchase ever! smartwatch broke after just a month.,1
99,Amazing laptop! Battery lasts all day and performance is incredible.,5
100,Excellent build quality. The display feature is outstanding!,4
101,Poor quality control. Multiple defects including screen bleeding.,1
102,"Best tablet I've ever owned. Fast, reliable, and great value.",4
103,Highly recommend! headphones exceeded my expectations completely.,4
104,Amazing tablet! Battery lasts all day and performance is incredible.,4
105,Mixed feelings about this smartwatch. Some pros and cons.,3
106,Mixed feelings about this tablet. Some pros and cons.,3
107,Average performance. Some good features but also some issues.,3
108,Amazing smartwatch! Battery lasts all day and performance is incredible.,4
109,Average performance. Some good features but also some issues.,3
110,Poor quality control. Multiple defects including button sticking.,2
111,Average performance. Some good features but also some issues.,3
112,Highly recommend! smartwatch exceeded my expectations completely.,4
113,Overpriced garbage. laptop fails at basic multitasking.,1
114,"Best laptop I've ever owned. Fast, reliable, and great value.",5
115,Amazing laptop! Battery lasts all day and performance is incredible.,4
116,Average performance. Some good features but also some issues.,3
117,Mixed feelings about this smartwatch. Some pros and cons.,3
118,Amazing smartphone! Battery lasts all day and performance is incredible.,4
119,Mixed feelings about this laptop. Some pros and cons.,3
120,Terrible laptop. Battery dies quickly and constantly crashes.,2
121,Terrible headphones. Battery dies quickly and constantly crashes.,2
122,Highly recommend! headphones exceeded my expectations completely.,4
123,Highly recommend! smartwatch exceeded my expectations completely.,4
124,Mixed feelings about this smartwatch. Some pros and cons.,3
125,Overpriced garbage. headphones fails at basic gaming.,2
126,,5
127,,3
128,Terrible laptop. Battery dies quickly and constantly crashes.,1
129,Poor quality control. Multiple defects including screen bleeding.,2
130,Mixed feelings about this tablet. Some pros and cons.,3
131,Excellent build quality. The design feature is outstanding!,4
132,Mixed feelings about this headphones. Some pros and cons.,3
133,Mixed feelings about this laptop. Some pros and cons.,3
134,Overpriced garbage. smartwatch fails at basic video calls.,2
135,Highly recommend! smartwatch exceeded my expectations completely.,5
136,Amazing smartwatch! Battery lasts all day and performance is incredible.,4
137,Terrible smartwatch. Battery dies quickly and constantly crashes.,2
138,Terrible laptop. Battery dies quickly and constantly crashes.,2
139,Overpriced garbage. laptop fails at basic gaming.,2
140,"Best tablet I've ever owned. Fast, reliable, and great value.",4
141,Excellent build quality. The camera feature is outstanding!,4
142,Highly recommend! laptop exceeded my expectations completely.,4
143,Worst purchase ever! smartphone broke after just a month.,2
144,Poor quality control. Multiple defects including screen bleeding.,1
145,Highly recommend! headphones exceeded my expectations completely.,5
146,Terrible smartphone. Battery dies quickly and constantly crashes.,1
147,Overpriced garbage. laptop fails at basic multitasking.,2
148,Excellent build quality. The audio feature is outstanding!,4
149,Excellent build quality. The display feature is outstanding!,4
150,Worst purchase ever! tablet broke after just a month.,2
151,Highly recommend! tablet exceeded my expectations completely.,5
152,Overpriced garbage. smartphone fails at basic multitasking.,1
153,Excellent build quality. The display feature is outstanding!,4
154,Excellent build quality. The display feature is outstanding!,4
155,Decent smartwatch for the price. Nothing special but works okay.,3
156,,5
157,Highly recommend! smartphone exceeded my expectations completely.,5
158,Terrible smartwatch. Battery dies quickly and constantly crashes.,1
159,Overpriced garbage. headphones fails at basic multitasking.,1
160,Mixed feelings about this headphones. Some pros and cons.,3
161,"Best smartphone I've ever owned. Fast, reliable, and great value.",5
162,Overpriced garbage. headphones fails at basic video calls.,2
163,Average performance. Some good features but also some issues.,3
164,,2
165,Amazing smartphone! Battery lasts all day and performance is incredible.,5
166,"Best headphones I've ever owned. Fast, reliable, and great value.",4
167,Terrible headphones. Battery dies quickly and constantly crashes.,1
168,,5
169,Excellent build quality. The display feature is outstanding!,5
170,Average performance. Some good features but also some issues.,3
171,Highly recommend! tablet exceeded my expectations completely.,4
172,,4
173,Terrible smartwatch. Battery dies quickly and constantly crashes.,2
174,Highly recommend! smartwatch exceeded my expectations completely.,5
175,Terrible laptop. Battery dies quickly and constantly crashes.,2
176,Average performance. Some good features but also some issues.,3
177,Mixed feelings about this headphones. Some pros and cons.,3
178,Excellent build quality. The display feature is outstanding!,4
179,"Best tablet I've ever owned. Fast, reliable, and great value.",4
180,Mixed feelings about this tablet. Some pros and cons.,3
181,Decent smartphone for the price. Nothing special but works okay.,3
182,Amazing smartwatch! Battery lasts all day and performance is incredible.,5
183,Amazing headphones! Battery lasts all day and performance is incredible.,5
184,Amazing headphones! Battery lasts all day and performance is incredible.,4
185,Decent smartphone for the price. Nothing special but works okay.,3
186,Excellent build quality. The display feature is outstanding!,5
187,Excellent build quality. The audio feature is outstanding!,4
188,Decent headphones for teh price. Nothing special but works okay.,3
189,Decent smartphone for the price. Nothing special but works okay.,3
190,,3
191,,2
192,Terrible laptop. Battery dies quickly and constantly crashes.,2
193,"Best laptop I've ever owned. Fast, reliable, and great value.",5
194,Worst purchase ever! tablet broke after just two days.,2
195,,4
196,Highly recommend! smartphone exceeded my expectations completely.,4
197,Mixed feelings about this laptop. Some pros and cons.,3
198,Terrible headphones. Battery dies quickly and constantly crashes.,2
199,Mixed feelings about this headphones. Some pros and cons.,3
200,Decent smartwatch for teh price. Nothing special but works okay.,3
201,Highly recommend! tablet exceeded my expectations completely.,4
202,Overpriced garbage. tablet fails at basic gaming.,2
203,Excellent build quality. The camera feature is outstanding!,4
204,Amazing smartwatch! Battery lasts all day and performance is incredible.,4
205,Decent tablet for the price. Nothing special but works okay.,3
206,Amazing smartphone! Battery lasts all day and performance is incredible.,4
207,Highly recommend! tablet exceeded my expectations completely.,4
208,,2
209,Decent tablet for teh price. Nothing special but works okay.,3
210,Excellent build quality. The audio feature is outstanding!,4
211,Highly recommend! headphones exceeded my expectations completely.,4
212,Highly recommend! smartphone exceeded my expectations completely.,5
213,Mixed feelings about this smartwatch. Some pros and cons.,3
214,"Best smartwatch I've ever owned. Fast, reliable, and great value.",4
215,,1
216,Mixed feelings about this headphones. Some pros and cons.,3
217,"Best headphones I've ever owned. Fast, reliable, and great value.",5
218,Mixed feelings about this smartphone. Some pros and cons.,3
219,Excellent build quality. The camera feature is outstanding!,4
220,Amazing smartphone! Battery lasts all day and performance is incredible.,5
221,Excellent build quality. The design feature is outstanding!,4
222,Amazing headphones! Battery lasts all day and performance is incredible.,4
223,Average performance. Some good features but also some issues.,3
224,Overpriced garbage. smartwatch fails at basic gaming.,2
225,Poor quality control. Multiple defects including screen bleeding.,2
226,Terrible smartwatch. Battery dies quickly and constantly crashes.,2
227,,3
228,Poor quality control. Multiple defects including screen bleeding.,1
229,Excellent build quality. The connectivity feature is outstanding!,5
230,Highly recommend! smartwatch exceeded my expectations completely.,4
231,Amazing tablet! Battery lasts all day and performance is incredible.,5
232,Excellent build quality. The design feature is outstanding!,4
233,Amazing laptop! Battery lasts all day and performance is incredible.,4
234,Highly recommend! smartwatch exceeded my expectations completely.,4
235,Average performance. Some good features but also some issues.,3
236,Mixed feelings about this headphones. Some pros and cons.,3
237,,3
238,Excellent build quality. The camera feature is outstanding!,5
239,Excellent build quality. The camera feature is outstanding!,4
240,Amazing smartphone! Battery lasts all day and performance is incredible.,5
241,Mixed feelings about this smartphone. Some pros and cons.,3
242,Highly recommend! smartwatch exceeded my expectations completely.,4
243,Excellent build quality. The camera feature is outstanding!,4
244,,4
245,Amazing smartphone! Battery lasts all day and performance is incredible.,4
246,Mixed feelings about this smartphone. Some pros and cons.,3
247,Amazing smartphone! Battery lasts all day and performance is incredible.,5
248,Excellent build quality. The audio feature is outstanding!,4
249,Overpriced garbage. laptop fails at basic gaming.,2
250,Average performance. Some good features but also some issues.,3
251,Amazing laptop! Battery lasts all day and performance is incredible.,5
252,Amazing tablet! Battery lasts all day and performance is incredible.,4
253,Excellent build quality. The audio feature is outstanding!,5
254,Average performance. Some good features but also some issues.,3
255,Excellent build quality. The design feature is outstanding!,4
256,Excellent build quality. The audio feature is outstanding!,4
257,Highly recommend! laptop exceeded my expectations completely.,5
258,Average performance. Some good features but also some issues.,3
259,Mixed feelings about this tablet. Some pros and cons.,3
260,Worst purchase ever! smartphone broke after just one week.,2
261,Overpriced garbage. headphones fails at basic gaming.,2
262,Amazing smartphone! Battery lasts all day and performance is incredible.,5
263,"Best tablet I've ever owned. Fast, reliable, and great value.",4
264,Excellent build quality. The camera feature is outstanding!,4
265,Worst purchase ever! headphones broke after just a month.,1
266,Decent headphones for the price. Nothing special but works okay.,3
267,"Best tablet I've ever owned. Fast, reliable, and great value.",4
268,"Best smartwatch I've ever owned. Fast, reliable, and great value.",5
269,Excellent build quality. The connectivity feature is outstanding!,5
270,Overpriced garbage. smartwatch fails at basic multitasking.,2
271,,3
272,,3
273,Excellent build quality. The design feature is outstanding!,4
274,Average performance. Some good features but also some issues.,3
275,Terrible smartphone. Battery dies quickly and constantly crashes.,2
276,Highly recommend! smartwatch exceeded my expectations completely.,5
277,,5
278,Terrible smartwatch. Battery dies quickly and constantly crashes.,1
279,Highly recommend! laptop exceeded my expectations completely.,4
280,Average performance. Some good features but also some issues.,3
281,Decent laptop for the price. Nothing special but works okay.,3
282,,4
283,Amazing smartphone! Battery lasts all day and performance is incredible.,5
284,Excellent build quality. The design feature is outstanding!,4
285,Highly recommend! laptop exceeded my expectations completely.,4
286,Excellent build quality. The display feature is outstanding!,4
287,"Best tablet I've ever owned. Fast, reliable, and great value.",4
288,"Best headphones I've ever owned. Fast, reliable, and great value.",4
289,Decent laptop for the price. Nothing special but works okay.,3
290,"Best smartwatch I've ever owned. Fast, reliable, and great value.",4
291,Amazing headphones! Battery lasts all day and performance is incredible.,5
292,Poor quality control. Multiple defects including button sticking.,2
293,Terrible laptop. Battery dies quickly and constantly crashes.,2
294,Worst purchase ever! tablet broke after just one week.,2
295,Highly recommend! tablet exceeded my expectations completely.,5
296,Average performance. Some good features but also some issues.,3
297,Overpriced garbage. smartphone fails at basic multitasking.,1
298,"Best laptop I've ever owned. Fast, reliable, and great value.",5
299,Mixed feelings about this smartwatch. Some pros and cons.,3
300,"Best tablet I've ever owned. Fast, reliable, and great value.",5
301,Excellent build quality. The camera feature is outstanding!,5
302,Highly recommend! headphones exceeded my expectations completely.,4
303,Amazing smartwatch! Battery lasts all day and performance is incredible.,4
304,Terrible smartwatch. Battery dies quickly and constantly crashes.,1
305,Highly recommend! smartphone exceeded my expectations completely.,4
306,Highly recommend! tablet exceeded my expectations completely.,4
307,Highly recommend! headphones exceeded my expectations completely.,5
308,Excellent build quality. The design feature is outstanding!,4
309,Decent headphones for the price. Nothing special but works okay.,3
310,Amazing headphones! Battery lasts all day and performance is incredible.,5
311,Mixed feelings about this headphones. Some pros and cons.,3
312,"Best laptop I've ever owned. Fast, reliable, and great value.",5
313,Overpriced garbage. tablet fails at basic video calls.,2
314,Highly recommend! smartphone exceeded my expectations completely.,4
315,Excellent build quality. The design feature is outstanding!,5
316,Highly recommend! smartwatch exceeded my expectations completely.,4
317,Highly recommend! laptop exceeded my expectations completely.,4
318,Highly recommend! tablet exceeded my expectations completely.,4
319,"Best smartphone I've ever owned. Fast, reliable, and great value.",4
320,Mixed feelings about this smartphone. Some pros and cons.,3
321,"Best laptop I've ever owned. Fast, reliable, and great value.",4
322,Highly recommend! headphones exceeded my expectations completely.,5
323,Excellent build quality. The display feature is outstanding!,4
324,Decent headphones for the price. Nothing special but works okay.,3
325,Overpriced garbage. headphones fails at basic video calls.,2
326,Amazing smartwatch! Battery lasts all day and performance is incredible.,4
327,Poor quality control. Multiple defects including button sticking.,1
328,Excellent build quality. The camera feature is outstanding!,4
329,,3
330,Average performance. Some good features but also some issues.,3
331,,4
332,Average performance. Some good features but also some issues.,3
333,Highly recommend! tablet exceeded my expectations completely.,4
334,Average performance. Some good features but also some issues.,3
335,Excellent build quality. The connectivity feature is outstanding!,4
336,Highly recommend! laptop exceeded my expectations completely.,4
337,,4
338,,4
339,"Best smartphone I've ever owned. Fast, reliable, and great value.",4
340,Amazing smartwatch! Battery lasts all day and performance is incredible.,4
341,Excellent build quality. The camera feature is outstanding!,4
342,Highly recommend! tablet exceeded my expectations completely.,5
343,Amazing smartwatch! Battery lasts all day and performance is incredible.,5
344,Average performance. Some good features but also some issues.,3
345,Amazing tablet! Battery lasts all day and performance is incredible.,5
346,"Best smartwatch I've ever owned. Fast, reliable, and great value.",4
347,Excellent build quality. The camera feature is outstanding!,4
348,Highly recommend! laptop exceeded my expectations completely.,5
349,Decent smartphone for the price. Nothing special but works okay.,3
350,Decent smartphone for teh price. Nothing special but works okay.,3
351,Poor quality control. Multiple defects including charging issues.,1
352,Amazing smartwatch! Battery lasts all day and performance is incredible.,4
353,Amazing smartphone! Battery lasts all day and performance is incredible.,5
354,Amazing laptop! Battery lasts all day and performance is incredible.,4
355,,3
356,Overpriced garbage. laptop fails at basic multitasking.,2
357,Average performance. Some good features but also some issues.,3
358,Decent smartphone for the price. Nothing special but works okay.,3
359,Overpriced garbage. tablet fails at basic video calls.,2
360,Average performance. Some good features but also some issues.,3
361,Overpriced garbage. smartphone fails at basic video calls.,2
362,Amazing smartwatch! Battery lasts all day and performance is incredible.,5
363,Excellent build quality. The camera feature is outstanding!,4
364,Terrible smartwatch. Battery dies quickly and constantly crashes.,1
365,"Best smartphone I've ever owned. Fast, reliable, and great value.",5
366,"Best smartwatch I've ever owned. Fast, reliable, and great value.",5
367,Highly recommend! tablet exceeded my expectations completely.,4
368,Poor quality control. Multiple defects including charging issues.,2
369,Highly recommend! smartwatch exceeded my expectations completely.,4
370,Poor quality control. Multiple defects including screen bleeding.,1
371,Worst purchase ever! smartwatch broke after just a month.,1
372,,4
373,Mixed feelings about this laptop. Some pros and cons.,3
374,"Best tablet I've ever owned. Fast, reliable, and great value.",4
375,Excellent build quality. The camera feature is outstanding!,4
376,Mixed feelings about this headphones. Some pros and cons.,3
377,Amazing laptop! Battery lasts all day and performance is incredible.,5
378,Highly recommend! tablet exceeded my expectations completely.,4
379,Excellent build quality. The design feature is outstanding!,4
380,Amazing tablet! Battery lasts all day and performance is incredible.,4
381,Excellent build quality. The audio feature is outstanding!,5
382,"Best headphones I've ever owned. Fast, reliable, and great value.",4
383,Mixed feelings about this laptop. Some pros and cons.,3
384,Excellent build quality. The audio feature is outstanding!,4
385,Highly recommend! smartwatch exceeded my expectations completely.,4
386,Amazing headphones! Battery lasts all day and performance is incredible.,4
387,Average performance. Some good features but also some issues.,3
388,"Best laptop I've ever owned. Fast, reliable, and great value.",5
389,Worst purchase ever! tablet broke after just two days.,2
390,Average performance. Some good features but also some issues.,3
391,Decent tablet for teh price. Nothing special but works okay.,3
392,Poor quality control. Multiple defects including screen bleeding.,2
393,"Best headphones I've ever owned. Fast, reliable, and great value.",5
394,Average performance. Some good features but also some issues.,3
395,"Best smartwatch I've ever owned. Fast, reliable, and great value.",4
396,Amazing tablet! Battery lasts all day and performance is incredible.,4
397,Amazing headphones! Battery lasts all day and performance is incredible.,5
398,Mixed feelings about this smartwatch. Some pros and cons.,3
399,Highly recommend! smartphone exceeded my expectations completely.,5
400,Mixed feelings about this headphones. Some pros and cons.,3
401,Highly recommend! headphones exceeded my expectations completely.,5
402,Overpriced garbage. tablet fails at basic multitasking.,2
403,Overpriced garbage. smartwatch fails at basic video calls.,2
404,Average performance. Some good features but also some issues.,3
405,Decent smartwatch for the price. Nothing special but works okay.,3
406,Average performance. Some good features but also some issues.,3
407,Amazing laptop! Battery lasts all day and performance is incredible.,5
408,Poor quality control. Multiple defects including screen bleeding.,1
409,Amazing headphones! Battery lasts all day and performance is incredible.,5
410,Terrible headphones. Battery dies quickly and constantly crashes.,2
411,"Best laptop I've ever owned. Fast, reliable, and great value.",4
412,Highly recommend! laptop exceeded my expectations completely.,4
413,Highly recommend! smartphone exceeded my expectations completely.,5
414,Excellent build quality. The connectivity feature is outstanding!,4
415,,3
416,Terrible smartphone. Battery dies quickly and constantly crashes.,2
417,Highly recommend! tablet exceeded my expectations completely.,5
418,"Best headphones I've ever owned. Fast, reliable, and great value.",4
419,Average performance. Some good features but also some issues.,3
420,Decent smartphone for the price. Nothing special but works okay.,3
421,Terrible headphones. Battery dies quickly and constantly crashes.,2
422,Decent smartwatch for the price. Nothing special but works okay.,3
423,Overpriced garbage. tablet fails at basic multitasking.,1
424,Highly recommend! laptop exceeded my expectations completely.,4
425,"Best laptop I've ever owned. Fast, reliable, and great value.",4
426,Poor quality control. Multiple defects including charging issues.,2
427,Highly recommend! tablet exceeded my expectations completely.,4
428,Amazing laptop! Battery lasts all day and performance is incredible.,4
429,Overpriced garbage. headphones fails at basic gaming.,2
430,Highly recommend! smartphone exceeded my expectations completely.,4
431,Worst purchase ever! headphones broke after just two days.,1
432,Excellent build quality. The audio feature is outstanding!,4
433,Excellent build quality. The audio feature is outstanding!,4
434,Amazing smartwatch! Battery lasts all day and performance is incredible.,4
435,Amazing smartphone! Battery lasts all day and performance is incredible.,4
436,Excellent build quality. The camera feature is outstanding!,4
437,Excellent build quality. The camera feature is outstanding!,5
438,Amazing smartwatch! Battery lasts all day and performance is incredible.,4
439,Excellent build quality. The design feature is outstanding!,4
440,Mixed feelings about this tablet. Some pros and cons.,3
441,Amazing laptop! Battery lasts all day and performance is incredible.,4
442,Excellent build quality. The display feature is outstanding!,5
443,Decent headphones for the price. Nothing special but works okay.,3
444,Decent smartwatch for the price. Nothing special but works okay.,3
445,Excellent build quality. The connectivity feature is outstanding!,4
446,Highly recommend! smartphone exceeded my expectations completely.,4
447,Decent tablet for the price. Nothing special but works okay.,3
448,Excellent build quality. The design feature is outstanding!,4
449,Poor quality control. Multiple defects including screen bleeding.,2
450,"Best smartwatch I've ever owned. Fast, reliable, and great value.",5
451,Amazing smartphone! Battery lasts all day and performance is incredible.,5
452,Mixed feelings about this smartphone. Some pros and cons.,3
453,Average performance. Some good features but also some issues.,3
454,Amazing tablet! Battery lasts all day and performance is incredible.,4
455,Terrible smartwatch. Battery dies quickly and constantly crashes.,1
456,Excellent build quality. The camera feature is outstanding!,5
457,Highly recommend! laptop exceeded my expectations completely.,4
458,,1
459,Terrible headphones. Battery dies quickly and constantly crashes.,1
460,Amazing tablet! Battery lasts all day and performance is incredible.,4
461,Decent smartphone for teh price. Nothing special but works okay.,3
462,Excellent build quality. The design feature is outstanding!,4
463,Highly recommend! smartwatch exceeded my expectations completely.,4
464,Average performance. Some good features but also some issues.,3
465,Decent headphones for the price. Nothing special but works okay.,3
466,"Best smartwatch I've ever owned. Fast, reliable, and great value.",4
467,Mixed feelings about this tablet. Some pros and cons.,3
468,Excellent build quality. The audio feature is outstanding!,4
469,"Best smartwatch I've ever owned. Fast, reliable, and great value.",4
470,"Best headphones I've ever owned. Fast, reliable, and great value.",5
471,Amazing smartphone! Battery lasts all day and performance is incredible.,5
472,Decent tablet for the price. Nothing special but works okay.,3
473,Highly recommend! tablet exceeded my expectations completely.,4
474,Excellent build quality. The camera feature is outstanding!,5
475,Poor quality control. Multiple defects including button sticking.,1
476,Excellent build quality. The camera feature is outstanding!,5
477,Overpriced garbage. tablet fails at basic gaming.,1
478,Overpriced garbage. smartwatch fails at basic video calls.,2
479,"Best laptop I've ever owned. Fast, reliable, and great value.",5
480,"Best headphones I've ever owned. Fast, reliable, and great value.",4
481,Highly recommend! tablet exceeded my expectations completely.,5
482,Mixed feelings about this smartwatch. Some pros and cons.,3
483,Highly recommend! smartphone exceeded my expectations completely.,4
484,Poor quality control. Multiple defects including button sticking.,1
485,"Best laptop I've ever owned. Fast, reliable, and great value.",4
486,Amazing smartphone! Battery lasts all day and performance is incredible.,4
487,Mixed feelings about this headphones. Some pros and cons.,3
488,"Best headphones I've ever owned. Fast, reliable, and great value.",5
489,Mixed feelings about this laptop. Some pros and cons.,3
490,,3
491,Worst purchase ever! tablet broke after just two days.,2
492,Poor quality control. Multiple defects including screen bleeding.,2
493,Highly recommend! laptop exceeded my expectations completely.,4
494,Amazing smartphone! Battery lasts all day and performance is incredible.,4
495,Amazing smartphone! Battery lasts all day and performance is incredible.,4
496,Overpriced garbage. smartwatch fails at basic gaming.,2
497,Excellent build quality. The camera feature is outstanding!,4
498,Excellent build quality. The audio feature is outstanding!,4
499,Amazing smartwatch! Battery lasts all day and performance is incredible.,5
500,Excellent build quality. The connectivity feature is outstanding!,4
501,Amazing laptop! Battery lasts all day and performance is incredible.,5
502,"Best tablet I've ever owned. Fast, reliable, and great value.",5
503,Amazing smartwatch! Battery lasts all day and performance is incredible.,4
504,Mixed feelings about this tablet. Some pros and cons.,3
505,Decent headphones for the price. Nothing special but works okay.,3
506,Highly recommend! tablet exceeded my expectations completely.,4
507,Average performance. Some good features but also some issues.,3
508,Excellent build quality. The design feature is outstanding!,4
509,Highly recommend! tablet exceeded my expectations completely.,4
510,Overpriced garbage. smartwatch fails at basic multitasking.,2
511,"Best tablet I've ever owned. Fast, reliable, and great value.",5
512,,5
513,"Best smartwatch I've ever owned. Fast, reliable, and great value.",4
514,"Best tablet I've ever owned. Fast, reliable, and great value.",4
515,Worst purchase ever! headphones broke after just two days.,2
516,Excellent build quality. The display feature is outstanding!,5
517,Poor quality control. Multiple defects including charging issues.,2
518,Amazing headphones! Battery lasts all day and performance is incredible.,5
519,"Best tablet I've ever owned. Fast, reliable, and great value.",4
520,Worst purchase ever! headphones broke after just one week.,2
521,Excellent build quality. The audio feature is outstanding!,5
522,Highly recommend! smartphone exceeded my expectations completely.,5
523,Average performance. Some good features but also some issues.,3
524,Decent smartphone for the price. Nothing special but works okay.,3
525,Average performance. Some good features but also some issues.,3
526,Amazing smartphone! Battery lasts all day and performance is incredible.,4
527,Amazing tablet! Battery lasts all day and performance is incredible.,4
528,"Best smartwatch I've ever owned. Fast, reliable, and great value.",5
529,"Best laptop I've ever owned. Fast, reliable, and great value.",4
530,"Best tablet I've ever owned. Fast, reliable, and great value.",4
531,Worst purchase ever! smartwatch broke after just two days.,2
532,,5
533,"Best headphones I've ever owned. Fast, reliable, and great value.",4
534,"Best headphones I've ever owned. Fast, reliable, and great value.",5
535,Highly recommend! laptop exceeded my expectations completely.,4
536,Decent smartwatch for the price. Nothing special but works okay.,3
537,Excellent build quality. The audio feature is outstanding!,4
538,Decent headphones for the price. Nothing special but works okay.,3
539,Excellent build quality. The audio feature is outstanding!,5
540,Average performance. Some good features but also some issues.,3
541,Excellent build quality. The camera feature is outstanding!,5
542,Overpriced garbage. laptop fails at basic gaming.,2
543,,3
544,Highly recommend! laptop exceeded my expectations completely.,5
545,Highly recommend! headphones exceeded my expectations completely.,4
546,Worst purchase ever! smartphone broke after just one week.,1
547,"Best headphones I've ever owned. Fast, reliable, and great value.",5
548,Excellent build quality. The camera feature is outstanding!,5
549,Decent tablet for the price. Nothing special but works okay.,3
550,Highly recommend! laptop exceeded my expectations completely.,5
551,Overpriced garbage. smartphone fails at basic gaming.,1
552,Average performance. Some good features but also some issues.,3
553,Highly recommend! smartwatch exceeded my expectations completely.,4
554,Highly recommend! laptop exceeded my expectations completely.,5
555,Amazing laptop! Battery lasts all day and performance is incredible.,4
556,Terrible smartwatch. Battery dies quickly and constantly crashes.,2
557,Highly recommend! headphones exceeded my expectations completely.,4
558,Average performance. Some good features but also some issues.,3
559,Excellent build quality. The design feature is outstanding!,4
560,"Best tablet I've ever owned. Fast, reliable, and great value.",5
561,Mixed feelings about this headphones. Some pros and cons.,3
562,Terrible tablet. Battery dies quickly and constantly crashes.,1
563,,3
564,"Best tablet I've ever owned. Fast, reliable, and great value.",4
565,Excellent build quality. The display feature is outstanding!,4
566,Terrible smartphone. Battery dies quickly and constantly crashes.,2
567,Highly recommend! tablet exceeded my expectations completely.,4
568,,4
569,Highly recommend! laptop exceeded my expectations completely.,5
570,Terrible laptop. Battery dies quickly and constantly crashes.,2
571,Excellent build quality. The camera feature is outstanding!,4
572,Highly recommend! laptop exceeded my expectations completely.,4
573,Excellent build quality. The connectivity feature is outstanding!,4
574,Excellent build quality. The design feature is outstanding!,4
575,Average performance. Some good features but also some issues.,3
576,Amazing smartphone! Battery lasts all day and performance is incredible.,4
577,"Best tablet I've ever owned. Fast, reliable, and great value.",5
578,Poor quality control. Multiple defects including button sticking.,1
579,Poor quality control. Multiple defects including charging issues.,1
580,Highly recommend! tablet exceeded my expectations completely.,5
581,Highly recommend! headphones exceeded my expectations completely.,5
582,Poor quality control. Multiple defects including button sticking.,2
583,"Best laptop I've ever owned. Fast, reliable, and great value.",4
584,Mixed feelings about this smartwatch. Some pros and cons.,3
585,,5
586,Terrible smartphone. Battery dies quickly and constantly crashes.,2
587,Decent tablet for the price. Nothing special but works okay.,3
588,Excellent build quality. The connectivity feature is outstanding!,4
589,Amazing laptop! Battery lasts all day and performance is incredible.,5
590,"Best laptop I've ever owned. Fast, reliable, and great value.",4
591,Terrible smartwatch. Battery dies quickly and constantly crashes.,1
592,Poor quality control. Multiple defects including screen bleeding.,2
593,Average performance. Some good features but also some issues.,3
594,Highly recommend! laptop exceeded my expectations completely.,5
595,Mixed feelings about this headphones. Some pros and cons.,3
596,Amazing laptop! Battery lasts all day and performance is incredible.,5
597,"Best smartwatch I've ever owned. Fast, reliable, and great value.",4
598,"Best tablet I've ever owned. Fast, reliable, and great value.",4
599,Amazing tablet! Battery lasts all day and performance is incredible.,4
600,Poor quality control. Multiple defects including button sticking.,2
601,Poor quality control. Multiple defects including charging issues.,1
602,Terrible headphones. Battery dies quickly and constantly crashes.,1
603,Highly recommend! laptop exceeded my expectations completely.,4
604,Excellent build quality. The audio feature is outstanding!,5
605,"Best headphones I've ever owned. Fast, reliable, and great value.",4
606,Worst purchase ever! laptop broke after just one week.,2
607,Worst purchase ever! smartwatch broke after just two days.,2
608,"Best headphones I've ever owned. Fast, reliable, and great value.",4
609,Amazing tablet! Battery lasts all day and performance is incredible.,4
610,Overpriced garbage. laptop fails at basic multitasking.,2
611,,4
612,Decent smartwatch for the price. Nothing special but works okay.,3
613,Amazing headphones! Battery lasts all day and performance is incredible.,4
614,Poor quality control. Multiple defects including charging issues.,2
615,Mixed feelings about this headphones. Some pros and cons.,3
616,Mixed feelings about this smartwatch. Some pros and cons.,3
617,"Best tablet I've ever owned. Fast, reliable, and great value.",4
618,Amazing tablet! Battery lasts all day and performance is incredible.,5
619,Mixed feelings about this headphones. Some pros and cons.,3
620,"Best tablet I've ever owned. Fast, reliable, and great value.",4
621,Highly recommend! tablet exceeded my expectations completely.,5
622,"Best smartphone I've ever owned. Fast, reliable, and great value.",4
623,,4
624,Excellent build quality. The audio feature is outstanding!,4
625,Poor quality control. Multiple defects including charging issues.,1
626,"Best tablet I've ever owned. Fast, reliable, and great value.",5
627,Excellent build quality. The display feature is outstanding!,4
628,Mixed feelings about this headphones. Some pros and cons.,3
629,Overpriced garbage. laptop fails at basic multitasking.,2
630,Mixed feelings about this tablet. Some pros and cons.,3
631,Amazing smartwatch! Battery lasts all day and performance is incredible.,5
632,Highly recommend! laptop exceeded my expectations completely.,4
633,Highly recommend! smartwatch exceeded my expectations completely.,4
634,Excellent build quality. The design feature is outstanding!,4
635,Poor quality control. Multiple defects including charging issues.,2
636,Highly recommend! tablet exceeded my expectations completely.,4
637,Mixed feelings about this laptop. Some pros and cons.,3
638,Excellent build quality. The connectivity feature is outstanding!,5
639,"Best laptop I've ever owned. Fast, reliable, and great value.",5
640,Excellent build quality. The camera feature is outstanding!,4
641,Excellent build quality. The audio feature is outstanding!,4
642,,4
643,Decent tablet for teh price. Nothing special but works okay.,3
644,Terrible laptop. Battery dies quickly and constantly crashes.,2
645,,4
646,Overpriced garbage. headphones fails at basic gaming.,1
647,Excellent build quality. The design feature is outstanding!,4
648,Excellent build quality. The camera feature is outstanding!,5
649,Poor quality control. Multiple defects including button sticking.,1
650,,5
651,Decent smartphone for the price. Nothing special but works okay.,3
652,Excellent build quality. The display feature is outstanding!,4
653,Average performance. Some good features but also some issues.,3
654,Excellent build quality. The display feature is outstanding!,5
655,"Best tablet I've ever owned. Fast, reliable, and great value.",4
656,Mixed feelings about this headphones. Some pros and cons.,3
657,Worst purchase ever! smartwatch broke after just a month.,1
658,Overpriced garbage. tablet fails at basic gaming.,2
659,Amazing smartphone! Battery lasts all day and performance is incredible.,4
660,Overpriced garbage. smartphone fails at basic multitasking.,1
661,Worst purchase ever! headphones broke after just a month.,1
662,Excellent build quality. The connectivity feature is outstanding!,4
663,"Best laptop I've ever owned. Fast, reliable, and great value.",5
664,,5
665,Amazing headphones! Battery lasts all day and performance is incredible.,4
666,Average performance. Some good features but also some issues.,3
667,Decent laptop for teh price. Nothing special but works okay.,3
668,Excellent build quality. The connectivity feature is outstanding!,5
669,Terrible tablet. Battery dies quickly and constantly crashes.,2
670,Decent laptop for teh price. Nothing special but works okay.,3
671,Highly recommend! headphones exceeded my expectations completely.,4
672,"Best tablet I've ever owned. Fast, reliable, and great value.",4
673,Terrible smartphone. Battery dies quickly and constantly crashes.,2
674,Decent smartphone for the price. Nothing special but works okay.,3
675,"Best tablet I've ever owned. Fast, reliable, and great value.",5
676,Decent tablet for the price. Nothing special but works okay.,3
677,Amazing headphones! Battery lasts all day and performance is incredible.,4
678,"Best headphones I've ever owned. Fast, reliable, and great value.",4
679,,4
680,Amazing tablet! Battery lasts all day and performance is incredible.,5
681,,3
682,Excellent build quality. The connectivity feature is outstanding!,4
683,Overpriced garbage. smartwatch fails at basic multitasking.,1
684,Amazing tablet! Battery lasts all day and performance is incredible.,4
685,Excellent build quality. The design feature is outstanding!,4
686,Highly recommend! laptop exceeded my expectations completely.,5
687,Highly recommend! smartwatch exceeded my expectations completely.,4
688,Decent smartphone for the price. Nothing special but works okay.,3
689,"Best tablet I've ever owned. Fast, reliable, and great value.",5
690,Poor quality control. Multiple defects including charging issues.,1
691,Excellent build quality. The design feature is outstanding!,4
692,Worst purchase ever! tablet broke after just one week.,2
693,Terrible smartphone. Battery dies quickly and constantly crashes.,1
694,Poor quality control. Multiple defects including screen bleeding.,2
695,Poor quality control. Multiple defects including screen bleeding.,1
696,Amazing smartwatch! Battery lasts all day and performance is incredible.,4
697,Amazing smartwatch! Battery lasts all day and performance is incredible.,4
698,Poor quality control. Multiple defects including screen bleeding.,1
699,,5
700,Poor quality control. Multiple defects including screen bleeding.,2
701,"Best smartwatch I've ever owned. Fast, reliable, and great value.",5
702,Highly recommend! tablet exceeded my expectations completely.,4
703,"Best tablet I've ever owned. Fast, reliable, and great value.",4
704,Amazing smartphone! Battery lasts all day and performance is incredible.,4
705,Excellent build quality. The connectivity feature is outstanding!,4
706,,5
707,Highly recommend! smartphone exceeded my expectations completely.,5
708,Overpriced garbage. smartwatch fails at basic multitasking.,2
709,Amazing headphones! Battery lasts all day and performance is incredible.,5
710,Worst purchase ever! headphones broke after just a month.,2
711,,4
712,Worst purchase ever! tablet broke after just two days.,1
713,Highly recommend! smartphone exceeded my expectations completely.,4
714,Excellent build quality. The display feature is outstanding!,5
715,Highly recommend! laptop exceeded my expectations completely.,5
716,"Best tablet I've ever owned. Fast, reliable, and great value.",4
717,Excellent build quality. The design feature is outstanding!,4
718,Excellent build quality. The connectivity feature is outstanding!,4
719,,5
720,Excellent build quality. The display feature is outstanding!,5
721,Poor quality control. Multiple defects including button sticking.,1
722,Excellent build quality. The camera feature is outstanding!,4
723,Amazing tablet! Battery lasts all day and performance is incredible.,4
724,Amazing smartphone! Battery lasts all day and performance is incredible.,4
725,Decent laptop for the price. Nothing special but works okay.,3
726,Excellent build quality. The connectivity feature is outstanding!,5
727,Excellent build quality. The connectivity feature is outstanding!,4
728,Terrible tablet. Battery dies quickly and constantly crashes.,1
729,Average performance. Some good features but also some issues.,3
730,Highly recommend! tablet exceeded my expectations completely.,5
731,Decent smartwatch for the price. Nothing special but works okay.,3
732,Mixed feelings about this headphones. Some pros and cons.,3
733,Decent tablet for the price. Nothing special but works okay.,3
734,Worst purchase ever! headphones broke after just one week.,2
735,Amazing tablet! Battery lasts all day and performance is incredible.,4
736,Decent tablet for the price. Nothing special but works okay.,3
737,,3
738,Excellent build quality. The audio feature is outstanding!,4
739,Worst purchase ever! headphones broke after just one week.,2
740,Overpriced garbage. smartphone fails at basic multitasking.,1
741,,4
742,Average performance. Some good features but also some issues.,3
743,,2
744,Amazing laptop! Battery lasts all day and performance is incredible.,4
745,Poor quality control. Multiple defects including charging issues.,2
746,Worst purchase ever! headphones broke after just a month.,2
747,Poor quality control. Multiple defects including charging issues.,2
748,"Best smartphone I've ever owned. Fast, reliable, and great value.",4
749,Highly recommend! laptop exceeded my expectations completely.,5
750,"Best smartphone I've ever owned. Fast, reliable, and great value.",5
751,Excellent build quality. The connectivity feature is outstanding!,4
752,Amazing smartwatch! Battery lasts all day and performance is incredible.,5
753,Worst purchase ever! smartphone broke after just two days.,2
754,Mixed feelings about this laptop. Some pros and cons.,3
755,Excellent build quality. The connectivity feature is outstanding!,4
756,Worst purchase ever! laptop broke after just two days.,1
757,Excellent build quality. The connectivity feature is outstanding!,4
758,Highly recommend! headphones exceeded my expectations completely.,4
759,Amazing laptop! Battery lasts all day and performance is incredible.,4
760,Overpriced garbage. smartphone fails at basic gaming.,2
761,Excellent build quality. The camera feature is outstanding!,4
762,Amazing smartphone! Battery lasts all day and performance is incredible.,5
763,Average performance. Some good features but also some issues.,3
764,Worst purchase ever! headphones broke after just a month.,2
765,"Best tablet I've ever owned. Fast, reliable, and great value.",4
766,"Best smartphone I've ever owned. Fast, reliable, and great value.",5
767,Excellent build quality. The design feature is outstanding!,5
768,,4
769,Terrible smartphone. Battery dies quickly and constantly crashes.,2
770,Mixed feelings about this laptop. Some pros and cons.,3
771,"Best smartphone I've ever owned. Fast, reliable, and great value.",4
772,Excellent build quality. The camera feature is outstanding!,5
773,"Best tablet I've ever owned. Fast, reliable, and great value.",4
774,Terrible headphones. Battery dies quickly and constantly crashes.,1
775,Worst purchase ever! laptop broke after just two days.,1
776,Decent headphones for the price. Nothing special but works okay.,3
777,Highly recommend! tablet exceeded my expectations completely.,4
778,Excellent build quality. The design feature is outstanding!,4
779,Decent headphones for the price. Nothing special but works okay.,3
780,Decent smartwatch for the price. Nothing special but works okay.,3
781,,3
782,Terrible tablet. Battery dies quickly and constantly crashes.,2
783,Excellent build quality. The design feature is outstanding!,5
784,Poor quality control. Multiple defects including button sticking.,2
785,Terrible smartwatch. Battery dies quickly and constantly crashes.,1
786,Terrible smartphone. Battery dies quickly and constantly crashes.,2
787,Excellent build quality. The connectivity feature is outstanding!,5
788,"Best headphones I've ever owned. Fast, reliable, and great value.",4
789,Overpriced garbage. smartphone fails at basic video calls.,2
790,Excellent build quality. The design feature is outstanding!,4
791,Decent smartwatch for the price. Nothing special but works okay.,3
792,Highly recommend! laptop exceeded my expectations completely.,4
793,"Best smartwatch I've ever owned. Fast, reliable, and great value.",4
794,Terrible headphones. Battery dies quickly and constantly crashes.,1
795,,5
796,,3
797,Average performance. Some good features but also some issues.,3
798,Amazing tablet! Battery lasts all day and performance is incredible.,4
799,Worst purchase ever! smartwatch broke after just one week.,2
800,"Best smartwatch I've ever owned. Fast, reliable, and great value.",4
801,Decent smartphone for the price. Nothing special but works okay.,3
802,Highly recommend! tablet exceeded my expectations completely.,4
803,"Best tablet I've ever owned. Fast, reliable, and great value.",4
804,Highly recommend! smartphone exceeded my expectations completely.,4
805,Mixed feelings about this smartphone. Some pros and cons.,3
806,,1
807,Excellent build quality. The connectivity feature is outstanding!,4
808,Terrible smartwatch. Battery dies quickly and constantly crashes.,2
809,"Best tablet I've ever owned. Fast, reliable, and great value.",5
810,"Best laptop I've ever owned. Fast, reliable, and great value.",4
811,Excellent build quality. The design feature is outstanding!,4
812,Terrible tablet. Battery dies quickly and constantly crashes.,2
813,Overpriced garbage. smartphone fails at basic gaming.,1
814,Overpriced garbage. smartphone fails at basic multitasking.,1
815,Amazing smartwatch! Battery lasts all day and performance is incredible.,4
816,Highly recommend! laptop exceeded my expectations completely.,4
817,Mixed feelings about this headphones. Some pros and cons.,3
818,Mixed feelings about this smartwatch. Some pros and cons.,3
819,Poor quality control. Multiple defects including button sticking.,2
820,Excellent build quality. The camera feature is outstanding!,5
821,"Best laptop I've ever owned. Fast, reliable, and great value.",4
822,Overpriced garbage. smartphone fails at basic video calls.,1
823,Highly recommend! smartphone exceeded my expectations completely.,5
824,Highly recommend! smartwatch exceeded my expectations completely.,4
825,Highly recommend! smartphone exceeded my expectations completely.,4
826,Highly recommend! headphones exceeded my expectations completely.,4
827,Overpriced garbage. tablet fails at basic video calls.,2
828,Amazing laptop! Battery lasts all day and performance is incredible.,5
829,Excellent build quality. The audio feature is outstanding!,5
830,Excellent build quality. The audio feature is outstanding!,5
831,"Best laptop I've ever owned. Fast, reliable, and great value.",4
832,Highly recommend! smartwatch exceeded my expectations completely.,4
833,Excellent build quality. The design feature is outstanding!,5
834,Mixed feelings about this smartwatch. Some pros and cons.,3
835,Highly recommend! smartwatch exceeded my expectations completely.,4
836,Overpriced garbage. smartphone fails at basic multitasking.,1
837,Average performance. Some good features but also some issues.,3
838,Overpriced garbage. smartphone fails at basic multitasking.,1
839,Amazing laptop! Battery lasts all day and performance is incredible.,4
840,Excellent build quality. The connectivity feature is outstanding!,5
841,Worst purchase ever! smartwatch broke after just two days.,2
842,Excellent build quality. The camera feature is outstanding!,4
843,Excellent build quality. The camera feature is outstanding!,5
844,Overpriced garbage. headphones fails at basic multitasking.,1
845,Excellent build quality. The audio feature is outstanding!,4
846,"Best laptop I've ever owned. Fast, reliable, and great value.",4
847,Mixed feelings about this laptop. Some pros and cons.,3
848,Poor quality control. Multiple defects including screen bleeding.,2
849,Average performance. Some good features but also some issues.,3
850,Highly recommend! smartwatch exceeded my expectations completely.,4
851,Amazing smartwatch! Battery lasts all day and performance is incredible.,5
852,Overpriced garbage. smartphone fails at basic video calls.,2
853,Terrible smartwatch. Battery dies quickly and constantly crashes.,2
854,Poor quality control. Multiple defects including screen bleeding.,2
855,Terrible laptop. Battery dies quickly and constantly crashes.,2
856,Highly recommend! tablet exceeded my expectations completely.,4
857,Mixed feelings about this laptop. Some pros and cons.,3
858,Overpriced garbage. smartwatch fails at basic multitasking.,1
859,Mixed feelings about this smartphone. Some pros and cons.,3
860,"Best smartwatch I've ever owned. Fast, reliable, and great value.",4
861,Amazing laptop! Battery lasts all day and performance is incredible.,4
862,Amazing smartwatch! Battery lasts all day and performance is incredible.,5
863,Mixed feelings about this tablet. Some pros and cons.,3
864,"Best smartwatch I've ever owned. Fast, reliable, and great value.",4
865,Average performance. Some good features but also some issues.,3
866,"Best headphones I've ever owned. Fast, reliable, and great value.",4
867,Excellent build quality. The display feature is outstanding!,5
868,Worst purchase ever! tablet broke after just a month.,2
869,Mixed feelings about this smartphone. Some pros and cons.,3
870,Decent laptop for teh price. Nothing special but works okay.,3
871,Excellent build quality. The camera feature is outstanding!,4
872,Average performance. Some good features but also some issues.,3
873,Average performance. Some good features but also some issues.,3
874,Excellent build quality. The connectivity feature is outstanding!,4
875,Terrible headphones. Battery dies quickly and constantly crashes.,2
876,Excellent build quality. The camera feature is outstanding!,4
877,"Best smartphone I've ever owned. Fast, reliable, and great value.",5
878,Highly recommend! laptop exceeded my expectations completely.,5
879,Worst purchase ever! tablet broke after just a month.,1
880,Poor quality control. Multiple defects including charging issues.,2
881,Excellent build quality. The design feature is outstanding!,4
882,"Best headphones I've ever owned. Fast, reliable, and great value.",4
883,Decent smartphone for the price. Nothing special but works okay.,3
884,Worst purchase ever! headphones broke after just two days.,2
885,Mixed feelings about this laptop. Some pros and cons.,3
886,,3
887,Mixed feelings about this headphones. Some pros and cons.,3
888,Mixed feelings about this laptop. Some pros and cons.,3
889,Decent laptop for the price. Nothing special but works okay.,3
890,"Best tablet I've ever owned. Fast, reliable, and great value.",4
891,,4
892,"Best smartphone I've ever owned. Fast, reliable, and great value.",5
893,Excellent build quality. The connectivity feature is outstanding!,5
894,"Best smartphone I've ever owned. Fast, reliable, and great value.",5
895,Highly recommend! tablet exceeded my expectations completely.,4
896,Decent tablet for the price. Nothing special but works okay.,3
897,Amazing tablet! Battery lasts all day and performance is incredible.,5
898,Average performance. Some good features but also some issues.,3
899,Worst purchase ever! laptop broke after just a month.,2
900,Average performance. Some good features but also some issues.,3
901,Amazing tablet! Battery lasts all day and performance is incredible.,4
902,Worst purchase ever! laptop broke after just two days.,2
903,Highly recommend! tablet exceeded my expectations completely.,5
904,"Best headphones I've ever owned. Fast, reliable, and great value.",4
905,Highly recommend! headphones exceeded my expectations completely.,4
906,Amazing headphones! Battery lasts all day and performance is incredible.,5
907,Average performance. Some good features but also some issues.,3
908,Highly recommend! headphones exceeded my expectations completely.,4
909,"Best tablet I've ever owned. Fast, reliable, and great value.",5
910,"Best laptop I've ever owned. Fast, reliable, and great value.",4
911,Highly recommend! laptop exceeded my expectations completely.,5
912,Average performance. Some good features but also some issues.,3
913,Overpriced garbage. tablet fails at basic video calls.,2
914,Amazing headphones! Battery lasts all day and performance is incredible.,4
915,Amazing headphones! Battery lasts all day and performance is incredible.,4
916,Mixed feelings about this tablet. Some pros and cons.,3
917,Terrible smartphone. Battery dies quickly and constantly crashes.,2
918,Overpriced garbage. headphones fails at basic video calls.,1
919,Amazing tablet! Battery lasts all day and performance is incredible.,4
920,Overpriced garbage. tablet fails at basic gaming.,1
921,Worst purchase ever! tablet broke after just a month.,2
922,Worst purchase ever! headphones broke after just one week.,2
923,,3
924,Average performance. Some good features but also some issues.,3
925,Decent tablet for the price. Nothing special but works okay.,3
926,"Best headphones I've ever owned. Fast, reliable, and great value.",4
927,,3
928,Excellent build quality. The display feature is outstanding!,5
929,Amazing headphones! Battery lasts all day and performance is incredible.,5
930,Terrible tablet. Battery dies quickly and constantly crashes.,1
931,Highly recommend! laptop exceeded my expectations completely.,4
932,Highly recommend! tablet exceeded my expectations completely.,5
933,"Best headphones I've ever owned. Fast, reliable, and great value.",4
934,Excellent build quality. The connectivity feature is outstanding!,4
935,Decent smartphone for the price. Nothing special but works okay.,3
936,Amazing laptop! Battery lasts all day and performance is incredible.,4
937,Decent tablet for the price. Nothing special but works okay.,3
938,Poor quality control. Multiple defects including screen bleeding.,2
939,Excellent build quality. The design feature is outstanding!,4
940,Highly recommend! tablet exceeded my expectations completely.,4
941,,4
942,Overpriced garbage. headphones fails at basic multitasking.,1
943,,4
944,Excellent build quality. The camera feature is outstanding!,4
945,"Best smartphone I've ever owned. Fast, reliable, and great value.",4
946,,1
947,Average performance. Some good features but also some issues.,3
948,Highly recommend! headphones exceeded my expectations completely.,4
949,,3
950,Excellent build quality. The display feature is outstanding!,5
951,"Best headphones I've ever owned. Fast, reliable, and great value.",5
952,Mixed feelings about this laptop. Some pros and cons.,3
953,Decent laptop for the price. Nothing special but works okay.,3
954,"Best headphones I've ever owned. Fast, reliable, and great value.",5
955,"Best smartphone I've ever owned. Fast, reliable, and great value.",5
956,Average performance. Some good features but also some issues.,3
957,"Best tablet I've ever owned. Fast, reliable, and great value.",4
958,Poor quality control. Multiple defects including screen bleeding.,1
959,Excellent build quality. The audio feature is outstanding!,4
960,"Best smartphone I've ever owned. Fast, reliable, and great value.",4
961,"Best smartphone I've ever owned. Fast, reliable, and great value.",5
962,Highly recommend! smartphone exceeded my expectations completely.,4
963,Decent headphones for the price. Nothing special but works okay.,3
964,Highly recommend! tablet exceeded my expectations completely.,5
965,"Best smartwatch I've ever owned. Fast, reliable, and great value.",5
966,Average performance. Some good features but also some issues.,3
967,Highly recommend! smartphone exceeded my expectations completely.,5
968,Average performance. Some good features but also some issues.,3
969,Amazing headphones! Battery lasts all day and performance is incredible.,4
970,Poor quality control. Multiple defects including button sticking.,1
971,"Best headphones I've ever owned. Fast, reliable, and great value.",4
972,Average performance. Some good features but also some issues.,3
973,Amazing smartwatch! Battery lasts all day and performance is incredible.,5
974,Amazing tablet! Battery lasts all day and performance is incredible.,4
975,Average performance. Some good features but also some issues.,3
976,,1
977,"Best smartwatch I've ever owned. Fast, reliable, and great value.",4
978,Excellent build quality. The connectivity feature is outstanding!,4
979,Poor quality control. Multiple defects including button sticking.,2
980,Highly recommend! laptop exceeded my expectations completely.,4
981,Poor quality control. Multiple defects including screen bleeding.,2
982,Excellent build quality. The connectivity feature is outstanding!,5
983,"Best tablet I've ever owned. Fast, reliable, and great value.",5
984,Excellent build quality. The camera feature is outstanding!,4
985,Amazing smartwatch! Battery lasts all day and performance is incredible.,4
986,,5
987,,1
988,"Best tablet I've ever owned. Fast, reliable, and great value.",5
989,Amazing smartwatch! Battery lasts all day and performance is incredible.,5
990,Excellent build quality. The audio feature is outstanding!,5
991,Excellent build quality. The audio feature is outstanding!,4
992,Amazing smartphone! Battery lasts all day and performance is incredible.,5
993,Decent headphones for the price. Nothing special but works okay.,3
994,Highly recommend! smartphone exceeded my expectations completely.,4
995,"Best smartphone I've ever owned. Fast, reliable, and great value.",5
996,Highly recommend! smartwatch exceeded my expectations completely.,4
997,,5
998,"Best laptop I've ever owned. Fast, reliable, and great value.",4
999,Decent laptop for the price. Nothing special but works okay.,3
1000,Highly recommend! tablet exceeded my expectations completely.,5
